,Rick Roll,,,
,Over the Moon for You,,,
,God of High School,,,
,Misfits of Demon Academy,,,
,My Next Life as a Villainness,,,
,Deca-Dence,,,
,Beastars,,,
,Kaguya-sama: Love is War Season 2,,,
,Tower of God,,,
,In/Spectre,,,
,Somali and the Forest Spirit,,,
,Darwin・Eｪｶ・E・Eｱ Game,,,
,The Promised Neverland,,,
,Dororo,,,
,Fire Force,,,
,Vinland Saga,,,
,Mob Psycho 100 Season 2,,,
,Fruits Basket,,,
,One Punch Man Season 2,,,
,Demon Slayer,,,
,Bloom Into You,,,
,Rascal Does Not Dream of Bunny Girl Senpai,,,
,JoJo's Bizarre Adventure: Golden Wind,,,
,That Time I Got Reincarnated as a Slime,,,
,Doctor Stone,,,
,Cells at Work!,,,
,Karakai Jozu no Takagi-san,,,
,Sword Art Online: Alicization,,,
,Arifureta,,,
,Made in Abyss,,,
,Miss Kobayashi・Eｪｶ・E・Eｱ Dragon Maid,,,
,Recovery of an MMO junkie,,,
,Tsuredure Children,,,
,Gamers!,,,
,Overlord,,,
,Rising of the Shield Hero,,,
,Goblin Slayer,,,
,Kaguya-sama: Love is War,,,
1535,Death Note,"Mystery, Police, Psychological, Supernatural, Thriller",8.71,1013917
16498,Shingeki no Kyojin,"Action, Drama, Fantasy, Shounen, Super Power",8.54,896229
11757,Sword Art Online,"Action, Adventure, Fantasy, Game, Romance",7.83,893100
5114,Fullmetal Alchemist: Brotherhood,"Action, Adventure, Drama, Fantasy, Magic, Military, Shounen",9.26,793665
6547,Angel Beats!,"Action, Comedy, Drama, School, Supernatural",8.39,717796
1575,Code Geass: Hangyaku no Lelouch,"Action, Mecha, Military, School, Sci-Fi, Super Power",8.83,715151
20,Naruto,"Action, Comedy, Martial Arts, Shounen, Super Power",7.81,683297
9253,Steins Gate,"Sci-Fi, Thriller",9.17,673572
10620,Mirai Nikki (TV),"Action, Mystery, Psychological, Shounen, Supernatural, Thriller",8.07,657190
4224,Toradora!,"Comedy, Romance, School, Slice of Life",8.45,633817
269,Bleach,"Action, Comedy, Shounen, Super Power, Supernatural",7.95,624055
226,Elfen Lied,"Action, Drama, Horror, Psychological, Romance, Seinen, Supernatural",7.85,623511
22319,Tokyo Ghoul,"Action, Drama, Horror, Mystery, Psychological, Seinen, Supernatural",8.07,618056
19815,No Game No Life,"Adventure, Comedy, Ecchi, Fantasy, Game, Supernatural",8.47,602291
121,Fullmetal Alchemist,"Action, Adventure, Comedy, Drama, Fantasy, Magic, Military, Shounen",8.33,600384
6702,Fairy Tail,"Action, Adventure, Comedy, Fantasy, Magic, Shounen",8.22,584590
9919,Ao no Exorcist,"Action, Demons, Fantasy, Shounen, Supernatural",7.92,583823
3588,Soul Eater,"Action, Adventure, Comedy, Fantasy, Shounen, Supernatural",8.08,580184
2904,Code Geass: Hangyaku no Lelouch R2,"Action, Drama, Mecha, Military, Sci-Fi, Super Power",8.98,572888
2167,Clannad,"Comedy, Drama, Romance, School, Slice of Life, Supernatural",8.3,566690
2001,Tengen Toppa Gurren Lagann,"Action, Adventure, Comedy, Mecha, Sci-Fi",8.78,562962
6746,Durarara!!,"Action, Mystery, Supernatural",8.38,556431
30276,One Punch Man,"Action, Comedy, Parody, Sci-Fi, Seinen, Super Power, Supernatural",8.82,552458
11111,Another,"Horror, Mystery, School, Supernatural, Thriller",7.88,534657
1735,Naruto: Shippuuden,"Action, Comedy, Martial Arts, Shounen, Super Power",7.94,533578
20507,Noragami,"Action, Adventure, Shounen, Supernatural",8.17,515378
13601,Psycho-Pass,"Action, Police, Psychological, Sci-Fi",8.5,509109
18679,Kill la Kill,"Action, Comedy, School, Super Power",8.23,508118
21,One Piece,"Action, Adventure, Comedy, Drama, Fantasy, Shounen, Super Power",8.58,504862
22199,Akame ga Kill!,"Action, Adventure, Fantasy",7.84,492133
1,Cowboy Bebop,"Action, Adventure, Comedy, Drama, Sci-Fi, Space",8.82,486824
5081,Bakemonogatari,"Mystery, Romance, Supernatural, Vampire",8.39,482268
9989,Ano Hi Mita Hana no Namae wo Bokutachi wa Mada Shiranai.,"Drama, Slice of Life, Supernatural",8.62,463835
9756,Mahou Shoujo Madoka・Eｫｫ・Eｽｨ?agica,"Drama, Magic, Psychological, Thriller",8.51,462974
30,Neon Genesis Evangelion,"Action, Dementia, Drama, Mecha, Psychological, Sci-Fi",8.32,461946
10793,Guilty Crown,"Action, Drama, Sci-Fi, Super Power",7.81,460959
4181,Clannad: After Story,"Drama, Fantasy, Romance, Slice of Life, Supernatural",9.06,456749
10087,Fate/Zero,"Action, Fantasy, Supernatural",8.51,453630
2025,Darker than Black: Kuro no Keiyakusha,"Action, Mystery, Sci-Fi, Super Power",8.25,440334
849,Suzumiya Haruhi no Yuuutsu,"Comedy, Mystery, Parody, School, Sci-Fi, Slice of Life",8.06,428569
11061,Hunter x Hunter (2011),"Action, Adventure, Shounen, Super Power",9.13,425855
22535,Kiseijuu: Sei no Kakuritsu,"Action, Drama, Horror, Psychological, Sci-Fi, Seinen",8.59,425457
4898,Kuroshitsuji,"Action, Comedy, Demons, Fantasy, Historical, Shounen, Supernatural",8.06,424919
853,Ouran Koukou Host Club,"Comedy, Harem, Romance, School, Shoujo",8.39,422271
23273,Shigatsu wa Kimi no Uso,"Drama, Music, Romance, School, Shounen",8.92,416397
15809,Hataraku Maou-sama!,"Comedy, Demons, Fantasy, Romance, Shounen",8.03,409037
27899,Tokyo Ghoul ・Eｩ・E・Eｽｶ・E・Eｳ・Eｧｫ・E・E・E,"Action, Drama, Horror, Mystery, Psychological, Seinen, Supernatural",7.52,408357
31043,Boku dake ga Inai Machi,"Mystery, Psychological, Seinen, Supernatural",8.65,402381
11617,High School DxD,"Comedy, Demons, Ecchi, Harem, Romance, School",7.7,398660
14741,Chuunibyou demo Koi ga Shitai!,"Comedy, Drama, Romance, School, Slice of Life",7.95,394399
7054,Kaichou wa Maid-sama!,"Comedy, Romance, School, Shoujo",8.26,391628
205,Samurai Champloo,"Action, Adventure, Comedy, Historical, Samurai, Shounen",8.5,390076
17265,Log Horizon,"Action, Adventure, Fantasy, Game, Magic, Shounen",8.14,387100
5680,K-On!,"Comedy, Music, School, Slice of Life",7.87,386048
28223,Death Parade,"Drama, Game, Mystery, Psychological, Thriller",8.33,383914
13759,Sakurasou no Pet na Kanojo,"Comedy, Drama, Romance, School, Slice of Life",8.4,380375
813,Dragon Ball Z,"Action, Adventure, Comedy, Fantasy, Martial Arts, Shounen, Super Power",8.32,375662
356,Fate/stay night,"Action, Fantasy, Magic, Romance, Supernatural",7.58,374880
12189,Hyouka,"Mystery, School, Slice of Life",8.17,372246
2251,Baccano!,"Action, Comedy, Historical, Mystery, Seinen, Supernatural",8.54,363215
934,Higurashi no Naku Koro ni,"Horror, Mystery, Psychological, Supernatural, Thriller",8.17,359494
18153,Kyoukai no Kanata,"Fantasy, Slice of Life, Supernatural",7.88,359011
31240,Re:Zero kara Hajimeru Isekai Seikatsu,"Drama, Fantasy, Psychological, Thriller",8.64,355839
14813,Yahari Ore no Seishun Love Comedy wa Machigatteiru.,"Comedy, Drama, Romance, School",8.12,353876
14227,Tonari no Kaibutsu-kun,"Comedy, Romance, School, Shoujo, Slice of Life",7.77,349836
28171,Shokugeki no Souma,"Ecchi, School, Shounen",8.61,348951
18897,Nisekoi,"Comedy, Harem, Romance, School, Shounen",7.91,347599
1195,Zero no Tsukaima,"Action, Adventure, Comedy, Ecchi, Fantasy, Harem, Magic, Romance, School",7.62,346828
23283,Zankyou no Terror,"Psychological, Thriller",8.26,342893
11741,Fate/Zero 2nd Season,"Action, Fantasy, Supernatural, Thriller",8.73,340973
11771,Kuroko no Basket,"Comedy, School, Shounen, Sports",8.46,338315
918,Gintama,"Action, Comedy, Historical, Parody, Samurai, Sci-Fi, Shounen",9.04,336376
28121,Dungeon ni Deai wo Motomeru no wa Machigatteiru Darou ka,"Action, Adventure, Comedy, Fantasy, Romance",7.88,336349
2966,Ookami to Koushinryou,"Adventure, Fantasy, Historical, Romance",8.37,334932
1482,D.Gray-man,"Action, Adventure, Comedy, Shounen",8.2,334399
889,Black Lagoon,"Action, Seinen",8.17,332562
23755,Nanatsu no Taizai,"Action, Adventure, Ecchi, Fantasy, Shounen, Supernatural",8.42,331627
14345,Btooom!,"Action, Psychological, Sci-Fi, Seinen",7.68,329561
10719,Boku wa Tomodachi ga Sukunai,"Comedy, Ecchi, Harem, Romance, School, Seinen, Slice of Life",7.57,325664
11759,Accel World,"Action, Game, Romance, School, Sci-Fi",7.62,324284
14513,Magi: The Labyrinth of Magic,"Action, Adventure, Fantasy, Magic, Shounen",8.24,317513
1818,Claymore,"Action, Adventure, Demons, Fantasy, Shounen, Super Power, Supernatural",7.92,316853
223,Dragon Ball,"Adventure, Comedy, Fantasy, Martial Arts, Shounen, Super Power",8.16,316102
26243,Owari no Seraph,"Action, Drama, Shounen, Supernatural, Vampire",7.65,315630
4654,Toaru Majutsu no Index,"Action, Magic, Sci-Fi, Super Power",7.69,313114
24833,Ansatsu Kyoushitsu (TV),"Action, Comedy, School, Shounen",8.2,312654
28999,Charlotte,"Drama, School, Super Power",7.91,310137
6045,Kimi ni Todoke,"Romance, School, Shoujo, Slice of Life",8.19,309339
270,Hellsing,"Action, Horror, Seinen, Supernatural, Vampire",7.64,308995
1887,Lucky・Eｫｫ・Eｽｨ?tar,"Comedy, Parody, School, Slice of Life",7.87,305837
15583,Date A Live,"Comedy, Harem, Mecha, Romance, School, Sci-Fi",7.54,301358
6347,Baka to Test to Shoukanjuu,"Comedy, Romance, School, Super Power",7.83,301282
457,Mushishi,"Adventure, Fantasy, Historical, Mystery, Seinen, Slice of Life, Supernatural",8.78,300030
30503,Noragami Aragoto,"Action, Adventure, Shounen, Supernatural",8.48,299434
355,Shakugan no Shana,"Action, Drama, Fantasy, Romance, School, Supernatural",7.74,297058
14467,K,"Action, Super Power, Supernatural",7.73,297051
8841,Kore wa Zombie Desu ka?,"Action, Comedy, Ecchi, Harem, Magic, Supernatural",7.67,295782
23289,Gekkan Shoujo Nozaki-kun,"Comedy, Romance, School",8.24,292622
1210,NHK ni Youkoso!,"Comedy, Drama, Psychological, Romance",8.4,291228
13125,Shinsekai yori,"Drama, Horror, Mystery, Sci-Fi, Supernatural",8.53,288376
20785,Mahouka Koukou no Rettousei,"Magic, Romance, School, Sci-Fi, Supernatural",7.76,285317
8525,Kami nomi zo Shiru Sekai,"Comedy, Harem, Romance, Shounen, Supernatural",7.95,284846
20583,Haikyuu!!,"Comedy, Drama, School, Shounen, Sports",8.68,284498
11887,Kokoro Connect,"Comedy, Drama, Romance, School, Slice of Life, Supernatural",8.01,283847
6,Trigun,"Action, Comedy, Sci-Fi",8.32,283069
31964,Boku no Hero Academia,"Action, Comedy, School, Shounen, Super Power",8.36,282002
249,InuYasha,"Action, Adventure, Comedy, Demons, Fantasy, Magic, Romance, Shounen, Supernatural",7.89,281632
5630,Higashi no Eden,"Action, Comedy, Drama, Mystery, Romance, Sci-Fi, Thriller",8.03,276593
17895,Golden Time,"Comedy, Romance, Seinen",7.92,273191
245,Great Teacher Onizuka,"Comedy, Drama, School, Shounen, Slice of Life",8.77,268487
22297,Fate/stay night: Unlimited Blade Works,"Action, Fantasy, Magic, Shounen, Supernatural",8.42,267484
59,Chobits,"Comedy, Drama, Ecchi, Romance, Sci-Fi, Seinen",7.57,266846
15451,High School DxD New,"Action, Comedy, Demons, Ecchi, Harem, Romance, School",7.87,266657
18507,Free!,"Comedy, School, Slice of Life, Sports",7.67,265791
790,Ergo Proxy,"Mystery, Psychological, Sci-Fi",8.03,265005
11597,Nisemonogatari,"Comedy, Mystery, Supernatural",8.21,260062
14075,Zetsuen no Tempest,"Action, Drama, Fantasy, Magic, Mystery, Psychological, Shounen",8.17,259900
11843,Danshi Koukousei no Nichijou,"Comedy, School, Shounen, Slice of Life",8.35,258914
1604,Katekyo Hitman Reborn!,"Action, Comedy, Shounen, Super Power",8.37,258103
71,Full Metal Panic!,"Action, Comedy, Mecha, Military, Sci-Fi",7.81,256325
22043,Fairy Tail (2014),"Action, Adventure, Comedy, Fantasy, Magic, Shounen",8.25,255076
10165,Nichijou,"Comedy, School, Slice of Life",8.52,254436
7724,Shiki,"Mystery, Supernatural, Thriller, Vampire",7.99,251093
19,Monster,"Drama, Horror, Mystery, Police, Psychological, Seinen, Thriller",8.72,247562
7674,Bakuman.,"Comedy, Romance, Shounen",8.35,246899
7791,K-On!!,"Comedy, Music, School, Slice of Life",8.14,246276
18115,Magi: The Kingdom of Magic,"Action, Adventure, Fantasy, Magic, Shounen",8.5,245026
30831,Kono Subarashii Sekai ni Shukufuku wo!,"Adventure, Comedy, Fantasy, Supernatural",8.03,244877
28907,"Gate: Jieitai Kanochi nite, Kaku Tatakaeri","Action, Adventure, Fantasy, Military",7.97,244314
29803,Overlord,"Action, Adventure, Fantasy, Game, Magic, Supernatural",8.04,244268
22729,Aldnoah.Zero,"Action, Mecha, Sci-Fi",7.66,244193
16894,Kuroko no Basket 2nd Season,"Comedy, School, Shounen, Sports",8.58,243325
120,Fruits Basket,"Comedy, Drama, Fantasy, Romance, Shoujo, Slice of Life",7.8,242553
11633,Blood Lad,"Action, Comedy, Demons, Seinen, Supernatural, Vampire",7.55,241513
237,Eureka Seven,"Adventure, Drama, Mecha, Romance, Sci-Fi",8.19,239570
1840,Zero no Tsukaima: Futatsuki no Kishi,"Action, Adventure, Comedy, Ecchi, Fantasy, Harem, Magic, Romance, School",7.73,235684
2034,Lovely・Eｫｫ・Eｽｨ?omplex,"Comedy, Romance, Shoujo",8.23,235003
6707,Kuroshitsuji II,"Action, Comedy, Demons, Fantasy, Shounen, Supernatural",7.55,234955
14289,Sukitte Ii na yo.,"Romance, School, Shoujo",7.71,233410
8425,Gosick,"Drama, Historical, Mystery, Romance",8.23,232113
6213,Toaru Kagaku no Railgun,"Action, Sci-Fi, Super Power",7.87,231079
5530,Pandora Hearts,"Adventure, Fantasy, Mystery, Shounen, Supernatural",7.92,229567
23281,Psycho-Pass 2,"Action, Police, Psychological, Sci-Fi",7.6,228435
30240,Prison School,"Comedy, Ecchi, Romance, School, Seinen",8.03,227734
5958,Sora no Otoshimono,"Comedy, Ecchi, Harem, Romance, Sci-Fi, Shounen, Supernatural",7.68,227681
21995,Ao Haru Ride,"Comedy, Drama, Romance, School, Shoujo, Slice of Life",7.89,227417
33,Berserk,"Action, Adventure, Demons, Drama, Fantasy, Horror, Military, Romance, Seinen, Supernatural",8.4,226430
22789,Barakamon,"Comedy, Slice of Life",8.5,225927
16067,Nagi no Asukara,"Drama, Fantasy, Romance",8.32,224947
23847,Yahari Ore no Seishun Love Comedy wa Machigatteiru. Zoku,"Comedy, Drama, Romance, School",8.31,222994
11499,Sankarea,"Comedy, Ecchi, Horror, Romance, Shounen, Supernatural",7.53,222657
6573,Darker than Black: Ryuusei no Gemini,"Action, Mystery, Sci-Fi, Super Power",7.62,222243
24439,Kekkai Sensen,"Action, Fantasy, Shounen, Super Power, Supernatural, Vampire",7.74,220573
45,Rurouni Kenshin: Meiji Kenkaku Romantan,"Action, Adventure, Comedy, Historical, Romance, Samurai",8.43,218928
28497,Rokka no Yuusha,"Action, Adventure, Fantasy, Magic, Mystery",7.63,218747
15315,Mondaiji-tachi ga Isekai kara Kuru Sou Desu yo?,"Comedy, Fantasy, Supernatural",7.85,218231
1889,Higurashi no Naku Koro ni Kai,"Mystery, Psychological, Supernatural, Thriller",8.41,218101
9513,Beelzebub,"Action, Comedy, Demons, School, Shounen, Supernatural",8.04,217752
8675,Seitokai Yakuindomo,"Comedy, School, Shounen, Slice of Life",7.71,217617
22147,Amagi Brilliant Park,"Comedy, Magic",7.68,217003
25013,Akatsuki no Yona,"Action, Adventure, Comedy, Fantasy, Romance, Shoujo",8.23,216674
11013,Inu x Boku SS,"Comedy, Romance, Shounen, Supernatural",7.69,216204
339,Serial Experiments Lain,"Dementia, Drama, Mystery, Psychological, Sci-Fi, Supernatural",7.99,215829
23321,Log Horizon 2nd Season,"Action, Adventure, Fantasy, Game, Magic, Shounen",7.66,215817
14967,Boku wa Tomodachi ga Sukunai Next,"Comedy, Harem, Romance, School, Seinen, Slice of Life",7.7,214319
27775,Plastic Memories,"Drama, Romance, Sci-Fi",7.95,213493
31859,Hai to Gensou no Grimgar,"Action, Adventure, Drama, Fantasy",7.87,213342
3712,Zero no Tsukaima: Princesses no Rondo,"Action, Adventure, Comedy, Ecchi, Fantasy, Harem, Magic, Romance, School",7.6,210891
4081,Natsume Yuujinchou,"Drama, Fantasy, Shoujo, Slice of Life, Supernatural",8.42,210736
5341,Ookami to Koushinryou II,"Adventure, Fantasy, Historical, Romance",8.46,210491
18671,Chuunibyou demo Koi ga Shitai! Ren,"Comedy, Drama, Romance, School, Slice of Life",7.6,208885
150,Blood+,"Action, Drama, Horror, Military, Mystery, Supernatural, Vampire",7.8,208321
6594,Katanagatari,"Action, Adventure, Historical, Martial Arts, Romance",8.49,207241
28701,Fate/stay night: Unlimited Blade Works 2nd Season,"Action, Fantasy, Magic, Shounen, Supernatural",8.45,205987
17074,Monogatari Series: Second Season,"Comedy, Mystery, Romance, Supernatural, Vampire",8.8,205959
1519,Black Lagoon: The Second Barrage,"Action, Seinen",8.3,203233
30015,ReLIFE,"Romance, School, Slice of Life",8.24,202249
28297,Ore Monogatari!!,"Comedy, Romance, Shoujo",8.11,200833
4752,Vampire Knight Guilty,"Drama, Mystery, Romance, Shoujo, Supernatural, Vampire",7.53,198492
31798,Kiznaiver,"Drama, Sci-Fi",7.67,197912
877,Nana,"Comedy, Drama, Music, Romance, Shoujo, Slice of Life",8.55,197256
392,Yuu・Eｫｫ・Eｽｨ?uu・Eｫｫ・Eｽｨ?akusho,"Action, Comedy, Demons, Fantasy, Martial Arts, School, Shounen",8.47,195017
10162,Usagi Drop,"Josei, Slice of Life",8.56,194855
857,Air Gear,"Action, Comedy, Ecchi, Shounen, Sports",7.69,194611
467,Ghost in the Shell: Stand Alone Complex,"Action, Mecha, Military, Police, Sci-Fi, Seinen",8.47,194491
10080,Kami nomi zo Shiru Sekai II,"Comedy, Harem, Romance, Shounen, Supernatural",8.12,194300
29786,Shimoneta to Iu Gainen ga Sonzai Shinai Taikutsu na Sekai,"Comedy, Ecchi, School",7.53,193822
32182,Mob Psycho 100,"Action, Comedy, Slice of Life, Supernatural",8.55,193716
28677,Yamada-kun to 7-nin no Majo (TV),"Comedy, Harem, Mystery, Romance, School, Shounen, Supernatural",7.91,193566
27631,God Eater,"Action, Fantasy, Military, Sci-Fi",7.55,192433
10110,Mayo Chiki!,"Comedy, Ecchi, Harem, Romance, School",7.53,192219
24703,High School DxD BorN,"Action, Comedy, Demons, Ecchi, Harem, Romance, School",7.71,192171
14719,JoJo no Kimyou na Bouken (TV),"Action, Adventure, Shounen, Supernatural, Vampire",8.51,190197
28927,Owari no Seraph: Nagoya Kessen-hen,"Action, Drama, Shounen, Supernatural, Vampire",7.84,190058
14713,Kamisama Hajimemashita,"Comedy, Demons, Fantasy, Romance, Shoujo, Supernatural",8.13,189641
23199,Durarara!!x2 Shou,"Action, Mystery, Supernatural",8.15,189407
6956,Working!!,"Comedy, Slice of Life",7.82,189367
30296,Rakudai Kishi no Cavalry,"Action, Ecchi, Fantasy, Romance, School",7.78,188685
31478,Bungou Stray Dogs,"Action, Comedy, Mystery, Seinen, Supernatural",7.76,187805
32282,Shokugeki no Souma: Ni no Sara,"Ecchi, School, Shounen",8.5,185015
24415,Kuroko no Basket 3rd Season,"Comedy, School, Shounen, Sports",8.62,184525
2787,Shakugan no Shana II (Second),"Action, Drama, Fantasy, Romance, School, Supernatural",7.79,184525
8937,Toaru Majutsu no Index II,"Action, Magic, Sci-Fi, Super Power",7.84,184520
8516,Baka to Test to Shoukanjuu Ni!,"Comedy, Romance, School, Super Power",7.98,183722
552,Digimon Adventure,"Action, Adventure, Comedy, Fantasy, Kids",7.89,182208
232,Cardcaptor Sakura,"Adventure, Comedy, Drama, Fantasy, Magic, Romance, School, Shoujo",8.18,181249
10790,Kore wa Zombie Desu ka? of the Dead,"Action, Comedy, Ecchi, Harem, Magic, Supernatural",7.78,180032
19221,"Ore no Nounai Sentakushi ga, Gakuen Love Comedy wo Zenryoku de Jama Shiteiru","Comedy, Romance, School",7.55,179569
28891,Haikyuu!! Second Season,"Comedy, Drama, School, Shounen, Sports",8.93,179342
24,School Rumble,"Comedy, Romance, School, Shounen",8.06,178553
17729,Grisaia no Kajitsu,"Drama, Harem, Psychological, Romance, School",7.67,178166
30654,Ansatsu Kyoushitsu (TV) 2nd Season,"Action, Comedy, School, Shounen",8.68,176475
2605,Sayonara Zetsubou Sensei,"Comedy, Parody, School",8.03,174531
11319,Zero no Tsukaima F,"Adventure, Ecchi, Fantasy, Magic, Romance",7.77,174026
3470,Special A,"Comedy, Romance, School, Shoujo",7.78,173603
15689,Nekomonogatari: Kuro,"Comedy, Romance, Supernatural",8.06,173264
228,Jigoku Shoujo,"Horror, Mystery, Psychological, Supernatural",7.79,172415
12445,Tasogare Otome x Amnesia,"Horror, Mystery, Romance, School, Shounen, Supernatural",7.95,172367
9656,Kimi ni Todoke 2nd Season,"Romance, School, Shoujo, Slice of Life",8.17,171866
202,Wolf&#039;s Rain,"Action, Adventure, Drama, Fantasy, Mystery, Sci-Fi",7.93,171863
32542,Sakamoto desu ga?,"Comedy, School, Seinen",7.67,171452
16011,Tokyo Ravens,"Comedy, School, Shounen, Super Power, Supernatural",7.8,171384
72,Full Metal Panic? Fumoffu,"Action, Comedy, School",8.21,171086
66,Azumanga Daioh,"Comedy, School, Slice of Life",8.06,170901
16524,Suisei no Gargantia,"Action, Adventure, Mecha, Sci-Fi",7.64,170754
11433,Ano Natsu de Matteru,"Comedy, Drama, Romance, Sci-Fi, Slice of Life",7.7,169718
154,Shaman King,"Action, Adventure, Comedy, Drama, Shounen, Supernatural",7.83,169517
10161,No.6,"Action, Sci-Fi",7.76,168017
136,Hunter x Hunter,"Action, Adventure, Shounen, Super Power",8.48,166255
32729,Orange,"Drama, Romance, School, Sci-Fi, Shoujo",7.78,165358
2104,Seto no Hanayome,"Comedy, Parody, Romance, School",7.95,165008
1530,Kanon (2006),"Drama, Romance, Slice of Life, Supernatural",8.17,163171
7647,Arakawa Under the Bridge,"Comedy, Romance, Seinen",7.71,162622
31580,Ajin,"Action, Horror, Mystery, Seinen, Supernatural",7.78,160972
21405,Bokura wa Minna Kawaisou,"Comedy, Romance, School, Slice of Life",7.9,159793
5682,Phantom: Requiem for the Phantom,"Action, Drama, Seinen, Thriller",8.16,159105
10800,Chihayafuru,"Drama, Game, Josei, Slice of Life, Sports",8.32,158561
28825,Himouto! Umaru-chan,"Comedy, School, Seinen, Slice of Life",7.55,158041
263,Hajime no Ippo,"Comedy, Drama, Shounen, Sports",8.83,157670
8795,Panty &amp; Stocking with Garterbelt,"Action, Comedy, Ecchi, Parody, Supernatural",7.79,157642
30123,Akagami no Shirayuki-hime,"Drama, Fantasy, Romance, Shoujo",7.93,157551
8676,Amagami SS,"Comedy, Romance, School, Slice of Life",7.57,157223
1698,Nodame Cantabile,"Comedy, Drama, Josei, Music, Romance, Slice of Life",8.46,157025
10721,Mawaru Penguindrum,"Comedy, Drama, Mystery, Psychological",8.08,156689
23277,Saenai Heroine no Sodatekata,"Comedy, Ecchi, Harem, Romance, School",7.69,155795
73,Full Metal Panic! The Second Raid,"Action, Mecha, Military",8.06,155340
15051,Love Live! School Idol Project,"Music, School, Slice of Life",7.7,155281
20031,D-Frag!,"Comedy, Game, School, Seinen",7.75,154548
31637,"Gate: Jieitai Kanochi nite, Kaku Tatakaeri 2nd Season","Action, Adventure, Fantasy, Military",7.97,153501
28249,Arslan Senki (TV),"Action, Adventure, Drama, Fantasy, Historical, Shounen",7.88,152811
10030,Bakuman. 2nd Season,"Comedy, Drama, Romance, Shounen",8.53,151561
9969,Gintama&#039;,"Action, Comedy, Historical, Parody, Samurai, Sci-Fi, Shounen",9.16,151266
2924,ef: A Tale of Memories.,"Drama, Mystery, Romance",8.12,151106
861,xxxHOLiC,"Comedy, Drama, Mystery, Psychological, Supernatural",8.11,150872
22265,Free!: Eternal Summer,"Comedy, School, Slice of Life, Sports",7.94,150596
68,Black Cat,"Adventure, Comedy, Sci-Fi, Shounen, Super Power",7.52,150512
9289,Hanasaku Iroha,"Comedy, Drama, Seinen, Slice of Life",8.03,150393
57,Beck,"Comedy, Drama, Music, Shounen, Slice of Life",8.4,148328
10495,Yuru Yuri,"Comedy, School, Shoujo Ai, Slice of Life",7.7,148140
25835,Shirobako,"Comedy, Drama",8.49,146895
8407,Sora no Otoshimono: Forte,"Comedy, Ecchi, Harem, Romance, Sci-Fi, Shounen, Supernatural",7.86,146697
12531,Sakamichi no Apollon,"Drama, Josei, Music, Romance, School",8.48,146592
530,Bishoujo Senshi Sailor Moon,"Demons, Magic, Romance, Shoujo",7.71,146521
4725,Ga-Rei: Zero,"Action, Super Power, Supernatural, Thriller",7.78,145102
21843,Shingeki no Bahamut: Genesis,"Action, Adventure, Demons, Fantasy, Magic, Supernatural",7.77,143701
16706,Kami nomi zo Shiru Sekai: Megami-hen,"Comedy, Harem, Romance, Shounen, Supernatural",8.3,142612
60,Chrno Crusade,"Action, Demons, Historical, Romance, Supernatural",7.8,140865
32998,91 Days,"Action, Drama, Historical",7.93,140604
24765,Gakkougurashi!,"Horror, Mystery, Psychological, School, Slice of Life",7.71,140094
21327,Isshuukan Friends.,"Comedy, School, Shounen, Slice of Life",7.7,139601
6114,Rainbow: Nisha Rokubou no Shichinin,"Drama, Historical, Seinen, Thriller",8.64,139474
13655,Little Busters!,"Comedy, Drama, School, Slice of Life, Supernatural",7.64,138655
323,Mousou Dairinin,"Drama, Mystery, Police, Psychological, Supernatural, Thriller",7.74,137687
12413,Jormungand,"Action, Adventure, Seinen",7.96,137610
16049,Toaru Kagaku no Railgun S,"Action, Sci-Fi, Super Power",8.16,137105
3731,Itazura na Kiss,"Comedy, Romance, Shoujo",7.76,136279
13663,To LOVE-Ru Darkness,"Comedy, Ecchi, Harem, Romance, School, Sci-Fi, Shounen",7.82,135929
9181,Motto To LOVE-Ru,"Comedy, Ecchi, Harem, School, Sci-Fi, Shounen",7.61,134988
10588,Persona 4 the Animation,"Adventure, Mystery, School, Sci-Fi, Super Power, Supernatural",7.68,134942
4722,Skip Beat!,"Comedy, Drama, Romance, Shoujo",8.28,134818
177,Tsubasa Chronicle,"Action, Adventure, Fantasy, Magic, Romance, Shounen, Supernatural",7.67,134705
27989,Hibike! Euphonium,"Drama, Music, School",8.03,134694
12365,Bakuman. 3rd Season,"Comedy, Drama, Romance, Shounen",8.71,133620
17549,Non Non Biyori,"Comedy, School, Seinen, Slice of Life",8.05,133475
20541,Mikakunin de Shinkoukei,"Comedy, Romance, School, Slice of Life",7.59,133385
11933,Oda Nobuna no Yabou,"Comedy, Historical, Romance",7.7,133216
6773,Shakugan no Shana III (Final),"Action, Drama, Fantasy, Romance, Supernatural",7.73,133010
27831,Durarara!!x2 Ten,"Action, Mystery, Supernatural",8.12,132506
481,Yu・Eｫｫ・Eｽｨ?i・Eｫｫ・Eｽｨ?h! Duel Monsters,"Adventure, Game, Shounen",7.57,132099
19369,Outbreak Company,"Comedy, Fantasy, Harem, Parody",7.52,131520
8086,Densetsu no Yuusha no Densetsu,"Action, Adventure, Fantasy, Magic, Shounen",7.83,130689
16,Hachimitsu to Clover,"Comedy, Drama, Josei, Romance",8.18,130646
10568,Kamisama no Memochou,Mystery,7.7,130502
2026,Hayate no Gotoku!,"Action, Comedy, Harem, Parody, Romance",7.75,130085
1559,Shijou Saikyou no Deshi Kenichi,"Action, Comedy, Martial Arts, School, Shounen",8.25,129112
64,Rozen Maiden,"Action, Comedy, Drama, Magic, Seinen",7.57,128688
12291,Acchi Kocchi (TV),"Comedy, Romance, School, Seinen, Slice of Life",7.65,127973
1571,Ghost Hunt,"Comedy, Horror, Mystery, Shoujo, Supernatural",7.97,126426
1222,Bokura ga Ita,"Drama, Romance, Shoujo, Slice of Life",7.54,125051
21855,Hanamonogatari,"Comedy, Mystery, Supernatural",8.11,124886
20057,Space・Eｫｫ・Eｽｨ?andy,"Comedy, Sci-Fi, Space",7.86,123529
7592,Nurarihyon no Mago,"Action, Demons, Shounen, Supernatural",7.78,122976
22145,Kuroshitsuji: Book of Circus,"Comedy, Demons, Fantasy, Historical, Shounen, Supernatural",8.37,122895
7785,Yojouhan Shinwa Taikei,"Mystery, Psychological, Romance",8.65,122531
26349,Danna ga Nani wo Itteiru ka Wakaranai Ken,"Comedy, Seinen, Slice of Life",7.55,122271
16009,Kamisama no Inai Nichiyoubi,"Fantasy, Mystery",7.53,122031
6211,Tokyo Magnitude 8.0,Drama,8.19,121349
2923,Shugo Chara!,"Comedy, Magic, School, Shoujo",7.61,121108
387,Haibane Renmei,"Drama, Fantasy, Mystery, Psychological, Slice of Life",8.07,120731
2581,Mobile Suit Gundam 00,"Action, Drama, Mecha, Military, Sci-Fi, Space",8.24,120351
20899,JoJo no Kimyou na Bouken: Stardust Crusaders,"Action, Adventure, Drama, Shounen, Supernatural",8.25,120089
2129,True Tears,"Drama, Romance, School",7.55,118644
19775,Sidonia no Kishi,"Action, Mecha, Sci-Fi, Seinen, Space",7.87,118341
3092,Junjou Romantica,"Comedy, Drama, Romance, Shounen Ai",8.08,117910
10521,Working&#039;!!,"Comedy, Slice of Life",7.98,117328
13535,Binbougami ga!,"Comedy, Parody, Shounen, Supernatural",7.88,117091
6033,Dragon Ball Kai,"Action, Adventure, Comedy, Fantasy, Martial Arts, Shounen, Super Power",7.95,116832
16918,Gin no Saji,"Comedy, School, Shounen, Slice of Life",8.18,116261
27833,Durarara!!x2 Ketsu,"Action, Mystery, Supernatural",8.23,115295
27991,K: Return of Kings,"Action, Super Power, Supernatural",7.82,114904
235,Detective Conan,"Adventure, Comedy, Mystery, Police, Shounen",8.25,114702
28977,Gintama?・Eｹｧ・E・E・E・Eｽｽ・Eｽｽ?・Eｽｰ,"Action, Comedy, Historical, Parody, Samurai, Sci-Fi, Shounen",9.25,114262
5300,Zoku Natsume Yuujinchou,"Drama, Fantasy, Shoujo, Slice of Life, Supernatural",8.64,114173
801,Ghost in the Shell: Stand Alone Complex 2nd GIG,"Action, Mecha, Military, Mystery, Police, Sci-Fi, Seinen",8.57,113993
5277,Sekirei: Pure Engagement,"Action, Comedy, Ecchi, Harem, Super Power",7.61,113911
29095,Grisaia no Rakuen,"Drama, Harem, Psychological, Romance",8.08,111962
28025,Tsukimonogatari,"Comedy, Mystery, Supernatural",8.21,111009
5909,Seitokai no Ichizon,"Comedy, Harem, Parody, School",7.52,110470
8129,Kuragehime,"Comedy, Josei, Slice of Life",8.24,108053
31181,Owarimonogatari,"Comedy, Mystery, Supernatural",8.43,107855
30911,Tales of Zestiria the X,"Action, Adventure, Fantasy",7.6,107325
1827,Seirei no Moribito,"Action, Adventure, Fantasy, Historical",8.24,106888
24405,World Trigger,"Action, School, Sci-Fi, Shounen, Supernatural",7.75,106872
134,Gunslinger Girl,"Action, Drama, Military, Psychological, Sci-Fi",7.55,106865
2963,Minami-ke,"Comedy, School, Slice of Life",7.81,105471
210,Ranma ?・Eｹｧ・E・E・E・Eｽｽ・Eｽｽ?・Eｽｽ,"Comedy, Fantasy, Martial Arts, Slice of Life",7.87,105212
329,Planetes,"Drama, Romance, Sci-Fi, Seinen, Space",8.38,105044
1536,Busou Renkin,"Action, Comedy, Fantasy, School, Shounen, Supernatural",7.51,104607
14131,Girls und Panzer,"Military, School",7.66,104275
240,Genshiken,"Comedy, Parody, Slice of Life",7.76,104258
97,Last Exile,"Action, Adventure, Sci-Fi",7.94,104193
9941,Tiger &amp; Bunny,"Action, Comedy, Mystery, Super Power",8.12,104075
239,Gankutsuou,"Drama, Mystery, Sci-Fi, Supernatural, Thriller",8.27,103828
4789,ef: A Tale of Melodies.,"Drama, Mystery, Romance, Supernatural",8.18,103657
4186,Chrome Shelled Regios,"Action, Adventure, Fantasy, School, Sci-Fi",7.57,103615
32995,Yuri!!! on Ice,"Comedy, Sports",8.61,103178
31339,Drifters,"Action, Adventure, Comedy, Fantasy, Historical, Samurai, Seinen",7.93,102857
486,Kino no Tabi: The Beautiful World,"Action, Adventure, Slice of Life",8.46,102822
10379,Natsume Yuujinchou San,"Drama, Fantasy, Shoujo, Slice of Life, Supernatural",8.67,102322
21939,Mushishi Zoku Shou,"Adventure, Fantasy, Historical, Mystery, Seinen, Slice of Life, Supernatural",8.8,101351
32093,Tanaka-kun wa Itsumo Kedaruge,"Comedy, School, Slice of Life",8.1,101335
9863,SKET Dance,"Comedy, School, Shounen",8.36,101027
22101,Soredemo Sekai wa Utsukushii,"Adventure, Fantasy, Romance, Shoujo",7.8,99462
6811,InuYasha: Kanketsu-hen,"Action, Adventure, Comedy, Demons, Fantasy, Magic, Romance, Shounen, Supernatural",8.37,99128
3002,Gyakkyou Burai Kaiji: Ultimate Survivor,"Game, Psychological, Seinen, Thriller",8.33,98996
20847,Seitokai Yakuindomo*,"Comedy, School, Shounen, Slice of Life",7.84,98544
11665,Natsume Yuujinchou Shi,"Drama, Fantasy, Shoujo, Slice of Life, Supernatural",8.75,98431
67,Basilisk: Kouga Ninpou Chou,"Action, Adventure, Fantasy, Historical, Romance, Samurai, Supernatural",7.68,98144
11179,Papa no Iukoto wo Kikinasai!,"Comedy, Romance, Slice of Life",7.51,97674
22135,Ping Pong The Animation,"Psychological, Seinen, Sports",8.67,97187
93,Mobile Suit Gundam Seed,"Action, Drama, Mecha, Military, Romance, Sci-Fi, Space",7.93,96973
31376,Flying Witch,"Comedy, Magic, Shounen, Slice of Life, Supernatural",7.65,95933
26,Texhnolyze,"Action, Drama, Psychological, Sci-Fi",7.78,95859
267,Gungrave,"Action, Drama, Sci-Fi, Seinen, Super Power",7.97,95825
3572,Macross F,"Action, Mecha, Military, Music, Romance, Sci-Fi, Space",8.02,95551
32828,Amaama to Inazuma,"Comedy, Seinen, Slice of Life",7.63,95339
8557,Shinryaku! Ika Musume,"Comedy, Shounen, Slice of Life",7.6,95242
9926,Sekaiichi Hatsukoi,"Comedy, Drama, Romance, Shounen Ai",8.15,94820
874,Digimon Tamers,"Adventure, Comedy, Drama, Fantasy, Shounen",7.65,94391
145,Kareshi Kanojo no Jijou,"Comedy, Drama, Romance, School, Shoujo, Slice of Life",7.66,94165
5355,Sengoku Basara,"Action, Historical, Martial Arts, Samurai, Super Power",7.57,93940
26055,JoJo no Kimyou na Bouken: Stardust Crusaders 2nd Season,"Action, Adventure, Drama, Shounen, Supernatural",8.6,93657
32935,Haikyuu!!: Karasuno Koukou VS Shiratorizawa Gakuen Koukou,"Comedy, Drama, School, Shounen, Sports",9.15,93351
846,School Rumble Ni Gakki,"Comedy, Romance, School, Shounen",8.15,93095
7193,Aoi Bungaku Series,"Drama, Historical, Psychological, Seinen, Thriller",7.9,93074
1562,Yamato Nadeshiko Shichihenge・Eｫｫ・Eｽｨ・E・Eｻ・Eｽｻ?・Eｽｽ?・Eｽ･,"Comedy, Shoujo",7.89,92088
31953,New Game!,"Comedy, Slice of Life",7.81,91932
19111,Love Live! School Idol Project 2nd Season,"Music, School, Slice of Life",8.06,91864
1699,Romeo x Juliet,"Drama, Fantasy, Historical, Romance",7.85,91530
18179,Yowamushi Pedal,"Comedy, Drama, Shounen, Sports",8.16,91138
18245,White Album 2,"Drama, Music, Romance, Slice of Life",7.98,91075
856,Utawarerumono,"Action, Drama, Fantasy, Sci-Fi",7.78,91034
29854,Ushio to Tora (TV),"Action, Adventure, Comedy, Demons, Shounen, Supernatural",7.71,90931
12883,Tsuritama,"Comedy, Sci-Fi, Slice of Life, Sports",7.84,90625
6895,Hakuouki,"Action, Drama, Historical, Josei, Samurai, Supernatural",7.57,90612
10357,Jinrui wa Suitai Shimashita,"Comedy, Fantasy, Seinen",7.92,89373
5258,Hajime no Ippo: New Challenger,"Comedy, Drama, Shounen, Sports",8.75,88995
5678,Kobato.,"Comedy, Drama, Fantasy",8.09,88986
2246,Mononoke,"Demons, Fantasy, Historical, Horror, Mystery, Seinen, Supernatural",8.49,88850
23251,Gugure! Kokkuri-san,"Comedy, Shounen, Supernatural",7.69,87824
22,Prince of Tennis,"Action, Comedy, School, Shounen, Sports",8.04,87643
4814,Junjou Romantica 2,"Comedy, Drama, Romance, Shounen Ai",8.24,87617
3927,Mobile Suit Gundam 00 Second Season,"Action, Drama, Mecha, Military, Sci-Fi, Space",8.21,86972
31764,Nejimaki Seirei Senki: Tenkyou no Alderamin,"Action, Adventure, Fantasy, Military",7.95,86475
322,Paradise Kiss,"Comedy, Drama, Josei, Romance, Slice of Life",7.93,86380
10460,Kimi to Boku.,"Comedy, Drama, Romance, School, Shounen, Slice of Life",7.85,86196
14397,Chihayafuru 2,"Drama, Game, Josei, Slice of Life, Sports",8.52,86074
90,Mobile Suit Gundam Wing,"Action, Drama, Mecha, Military, Sci-Fi, Space",7.87,86001
18893,Aoki Hagane no Arpeggio: Ars Nova,"Action, Sci-Fi, Seinen",7.55,84708
10798,UN-GO,"Mystery, Supernatural",7.53,84499
6802,So Ra No Wo To,"Military, Music, Sci-Fi, Slice of Life",7.6,84390
15,Eyeshield 21,"Action, Comedy, Shounen, Sports",8.08,83648
32867,Bungou Stray Dogs 2nd Season,"Mystery, Seinen, Supernatural",8.39,83641
182,Tenkuu no Escaflowne,"Adventure, Fantasy, Mecha, Romance, Shoujo",7.8,83437
21105,Love Stage!!,"Comedy, Romance, Shounen Ai",7.69,83397
32189,Danganronpa 3: The End of Kibougamine Gakuen - Mirai-hen,"Action, Horror, Mystery, Psychological",7.87,83343
12403,Yuru Yuri・Eｫｫ・Eｽｨ・E・Eｻ・Eｽｻ?・Eｽｽ?・Eｽｪ・Eｫｫ・Eｽｨ・E・Eｻ・Eｽｻ?・Eｽｽ?・Eｽｪ,"Comedy, School, Shoujo Ai, Slice of Life",7.94,83097
5040,One Outs,"Psychological, Seinen, Sports",8.41,83056
21273,Gochuumon wa Usagi Desu ka?,"Comedy, Slice of Life",7.6,82999
4087,Michiko to Hatchin,"Action, Adventure",7.9,82625
170,Slam Dunk,"Comedy, Drama, School, Shounen, Sports",8.56,82570
18139,Tonari no Seki-kun,"Comedy, School, Seinen",7.69,82568
13331,Jormungand: Perfect Order,"Action, Adventure, Seinen",8.04,81951
1690,Bokurano,"Drama, Mecha, Psychological, Sci-Fi",7.82,81408
18689,Diamond no Ace,"Comedy, School, Shounen, Sports",8.25,81384
10278,The iDOLM@STER,"Comedy, Drama, Music",7.75,81155
31722,Nanatsu no Taizai: Seisen no Shirushi,"Action, Adventure, Ecchi, Fantasy, Shounen, Supernatural",7.52,81154
15417,Gintama&#039;: Enchousen,"Action, Comedy, Historical, Parody, Samurai, Sci-Fi, Shounen",9.11,81109
18119,Servant x Service,"Comedy, Slice of Life",7.79,81037
31173,Akagami no Shirayuki-hime 2nd Season,"Drama, Fantasy, Romance, Shoujo",8.14,80862
25879,Working!!!,"Comedy, Romance, Slice of Life",8.18,80763
9074,Arakawa Under the Bridge x Bridge,"Comedy, Romance, Seinen",7.85,80394
4981,Casshern Sins,"Action, Adventure, Drama, Psychological, Sci-Fi",7.61,80307
1594,Jigoku Shoujo Futakomori,"Horror, Mystery, Psychological, Supernatural",8.08,79816
969,Tsubasa Chronicle 2nd Season,"Action, Adventure, Drama, Fantasy, Mystery, Romance, Shounen, Supernatural",7.7,79166
400,Seihou Bukyou Outlaw Star,"Action, Adventure, Comedy, Sci-Fi, Space",7.98,78600
2596,Shinreigari: Ghost Hound,"Mystery, Psychological, Sci-Fi, Supernatural",7.59,78469
5507,Senjou no Valkyria,"Action, Military, Romance",7.76,77591
440,Shoujo Kakumei Utena,"Drama, Fantasy, Psychological, Shoujo",8.22,77464
477,Aria The Animation,"Fantasy, Sci-Fi, Shounen, Slice of Life",7.79,76913
2164,Dennou Coil,"Adventure, Comedy, Drama, Mystery, Sci-Fi",8.19,76860
98,Mai-HiME,"Action, Comedy, Drama, Fantasy, Magic, Mecha, Romance, School, Shoujo Ai",7.59,76492
24701,Mushishi Zoku Shou 2nd Season,"Adventure, Fantasy, Historical, Mystery, Seinen, Slice of Life, Supernatural",8.88,75894
10049,Nurarihyon no Mago: Sennen Makyou,"Action, Demons, Shounen, Supernatural",8.15,75612
166,Samurai 7,"Historical, Mecha, Samurai, Sci-Fi",7.6,74991
3091,xxxHOLiC Kei,"Comedy, Drama, Mystery, Psychological, Supernatural",8.34,74941
31933,JoJo no Kimyou na Bouken: Diamond wa Kudakenai,"Action, Adventure, Comedy, Drama, Shounen, Supernatural",8.57,74074
3228,Zoku Sayonara Zetsubou Sensei,"Comedy, Parody, School",8.03,74040
28979,To LOVE-Ru Darkness 2nd,"Comedy, Ecchi, Harem, Romance, School, Sci-Fi, Shounen",7.8,73909
11235,Amagami SS+ Plus,"Comedy, Romance, School, Slice of Life",7.61,73813
132,GetBackers,"Action, Comedy, Drama, Mystery, Shounen, Super Power, Supernatural",7.73,73536
31741,Magi: Sinbad no Bouken (TV),"Action, Adventure, Fantasy, Magic, Shounen",8.22,73480
534,Slayers,"Adventure, Comedy, Demons, Fantasy, Magic",7.87,73476
740,Bishoujo Senshi Sailor Moon R,"Demons, Magic, Romance, Shoujo",7.74,73305
721,Princess Tutu,"Comedy, Fantasy, Magic, Romance",8.23,73218
12431,Uchuu Kyoudai,"Comedy, Sci-Fi, Seinen, Slice of Life, Space",8.59,72958
65,Rozen Maiden: Tr???・Eｽｽ?・Eｽ､umend,"Action, Comedy, Drama, Magic, Seinen",7.78,72645
32370,D.Gray-man Hallow,"Action, Demons, Shounen, Super Power",8.01,72499
18195,Little Busters!: Refrain,"Comedy, Drama, Romance, School, Slice of Life, Supernatural",8.36,71820
28735,Shouwa Genroku Rakugo Shinjuu,"Drama, Historical, Josei",8.59,71295
34240,Shelter,"Music, Sci-Fi",8.38,71136
6444,Tegamibachi,"Adventure, Fantasy, Shounen, Supernatural",7.76,70987
4477,Nodame Cantabile: Paris-hen,"Comedy, Josei, Music, Romance, Slice of Life",8.27,70822
1254,Saint Seiya,"Adventure, Fantasy, Sci-Fi, Shounen",8.03,70559
11123,Sekaiichi Hatsukoi 2,"Comedy, Drama, Romance, Shounen Ai",8.31,69253
135,Hikaru no Go,"Comedy, Game, Shounen, Supernatural",8.19,69000
379,Heppoko Jikken Animation Excel・Eｫｫ・Eｽｨ・E・Eｻ・Eｽｻ?・Eｽｽ?・Eｽ･Saga,"Comedy, Parody, Sci-Fi, Shounen",7.57,68198
185,Initial D First Stage,"Action, Cars, Drama, Seinen, Sports",8.23,68128
19703,Kyousou Giga (TV),"Action, Fantasy, Supernatural",7.95,67732
5690,Nodame Cantabile Finale,"Comedy, Josei, Music, Romance",8.38,67697
4192,Hayate no Gotoku!!,"Action, Comedy, Harem, Parody, Romance",7.92,67323
114,Sakigake!! Cromartie Koukou,"Comedy, School, Shounen",8.02,67254
19363,Gin no Saji 2nd Season,"Comedy, School, Shounen, Slice of Life",8.36,67032
14527,Medaka Box Abnormal,"Action, Comedy, Ecchi, Martial Arts, School, Shounen, Super Power",7.63,66972
532,Bishoujo Senshi Sailor Moon S,"Drama, Magic, Romance, Shoujo",7.89,66911
19647,Hajime no Ippo: Rising,"Comedy, Drama, Shounen, Sports",8.68,66756
165,RahXephon,"Action, Drama, Mecha, Music, Mystery, Psychological, Romance, Sci-Fi",7.55,66751
153,Juuni Kokuki,"Action, Adventure, Fantasy, Magic, Supernatural",8.16,66646
25,Sunabouzu,"Action, Adventure, Comedy, Ecchi, Sci-Fi, Shounen",7.55,65516
33028,Danganronpa 3: The End of Kibougamine Gakuen - Zetsubou-hen,"Action, Horror, Mystery, Psychological",7.95,65503
587,Hanbun no Tsuki ga Noboru Sora,"Comedy, Drama, Romance",7.69,65125
17909,Uchouten Kazoku,"Comedy, Drama, Fantasy, Slice of Life",7.96,64897
23623,Non Non Biyori Repeat,"Comedy, School, Seinen, Slice of Life",8.26,64230
23311,Garo: Honoo no Kokuin,"Action, Demons, Fantasy, Magic, Supernatural",7.51,64214
102,Aishiteruze Baby・Eｫｫ・Eｽｨ??,"Comedy, Drama, Romance, Shoujo",7.58,63959
1579,Kiniro no Corda: Primo Passo,"Comedy, Drama, Harem, Magic, Music, Romance, School, Shoujo",7.69,63134
76,Mahou Shoujo Lyrical Nanoha,"Action, Comedy, Drama, Magic, Super Power",7.52,62582
2002,Heroic Age,"Action, Mecha, Military, Sci-Fi, Space",7.66,62530
8476,Otome Youkai Zakuro,"Demons, Historical, Military, Romance, Seinen, Supernatural",7.6,61957
16005,Zettai Karen Children: The Unlimited - Hyoubu Kyousuke,"Shounen, Supernatural",7.69,61919
1606,Kekkaishi,"Adventure, Comedy, Fantasy, Shounen",7.73,61884
123,Fushigi Yuugi,"Adventure, Comedy, Drama, Fantasy, Historical, Magic, Martial Arts, Romance, Shoujo",7.77,61622
12711,Uta no・Eｫｫ・Eｽｨ?rince-sama・Eｫｫ・Eｽｨ・E・Eｻ・Eｽｻ?・Eｽｽ?・Eｽｪ Maji Love 2000%,"Comedy, Harem, Music, Romance, School, Shoujo",7.53,61551
1142,Hachimitsu to Clover II,"Drama, Josei, Romance",8.37,61493
15613,Hakkenden: Touhou Hakken Ibun,"Action, Fantasy, Shoujo, Supernatural",7.57,61017
31174,Osomatsu-san,"Comedy, Parody",8.27,60988
23327,Space・Eｫｫ・Eｽｨ?andy 2nd Season,"Comedy, Sci-Fi, Space",8.27,60918
31251,Mobile Suit Gundam: Iron-Blooded Orphans,"Action, Drama, Mecha, Sci-Fi, Space",7.96,60525
5262,Shugo Chara!! Doki,"Comedy, Magic, School, Shoujo",7.59,60384
479,The Law of Ueki,"Adventure, Comedy, Drama, Shounen, Supernatural",7.88,60027
21185,Baby Steps,"Romance, School, Shounen, Sports",7.96,59818
31646,3-gatsu no Lion,"Drama, Game, Seinen, Slice of Life",7.93,59492
122,Full Moon wo Sagashite,"Comedy, Drama, Music, Romance, Shoujo, Supernatural",8.08,59374
25519,Yuuki Yuuna wa Yuusha de Aru,"Drama, Fantasy, Magic, Slice of Life",7.52,59192
3358,Kure-nai,"Comedy, Drama, Martial Arts",7.52,59099
3713,Jigoku Shoujo Mitsuganae,"Mystery, Psychological, Supernatural",7.81,58993
18497,Yozakura Quartet: Hana no Uta,"Action, Comedy, Magic, Shounen, Super Power, Supernatural",7.61,58245
251,Kyou kara Maou!,"Adventure, Comedy, Demons, Fantasy, Shoujo",7.88,58150
31414,Nijiiro Days,"Comedy, Romance, School, Shoujo, Slice of Life",7.52,57920
24893,Sidonia no Kishi: Daikyuu Wakusei Seneki,"Action, Mecha, Sci-Fi, Seinen, Space",7.95,57665
21743,Donten ni Warau,"Action, Historical, Shoujo",7.62,57649
32899,Watashi ga Motete Dousunda,"Comedy, Harem, Romance, School, Shoujo",7.64,57638
3701,Kaiba,"Adventure, Mystery, Romance, Sci-Fi",8.29,56927
160,"Ima, Soko ni Iru Boku","Adventure, Drama, Fantasy, Military, Sci-Fi",7.81,56839
7627,Mitsudomoe,"Comedy, School, Slice of Life",7.73,56483
584,Noein: Mou Hitori no Kimi e,"Adventure, Drama, Sci-Fi, Slice of Life",7.74,56244
3297,Aria The Origination,"Fantasy, Sci-Fi, Shounen, Slice of Life",8.64,56162
5671,Saki,"Game, School, Slice of Life",7.57,55970
2508,Genshiken 2,"Comedy, Parody, Slice of Life",7.86,55825
10271,Gyakkyou Burai Kaiji: Hakairoku-hen,"Game, Psychological, Seinen, Thriller",8.29,55566
6377,Zan Sayonara Zetsubou Sensei,"Comedy, Parody, School",8.01,55402
9834,Level E,"Comedy, Sci-Fi, Shounen",7.58,55252
1239,Bishoujo Senshi Sailor Moon SuperS,"Drama, Magic, Romance, Shoujo",7.64,55056
10033,Toriko,"Action, Adventure, Comedy, Fantasy, Shounen",7.74,54790
167,Scrapped Princess,"Adventure, Comedy, Drama, Fantasy, Mecha, Sci-Fi, Shounen",7.52,54575
12031,Kingdom,"Action, Historical, Military, Seinen",8.24,54211
3420,Shigofumi,"Drama, Fantasy, Psychological, Supernatural, Thriller",7.62,54000
31821,Arslan Senki (TV): Fuujin Ranbu,"Action, Adventure, Drama, Fantasy, Historical, Shounen, Supernatural",7.7,53577
8426,Hourou Musuko,"Drama, School, Slice of Life",7.8,53426
5941,Cross Game,"Comedy, Drama, Romance, School, Sports",8.53,53108
74,Gakuen Alice,"Comedy, Magic, School, Shoujo",7.8,52995
996,Bishoujo Senshi Sailor Moon: Sailor Stars,"Adventure, Comedy, Drama, Fantasy, Magic, Romance, Shoujo",7.99,52586
80,Mobile Suit Gundam,"Action, Mecha, Military, Sci-Fi, Space",7.89,51566
250,Konjiki no Gash Bell!!,"Adventure, Comedy, Magic, Shounen, Supernatural",7.66,51403
33253,Ajin 2nd Season,"Action, Horror, Mystery, Seinen, Supernatural",8.12,51382
12679,Joshiraku,"Comedy, Slice of Life",7.55,51084
156,X,"Action, Drama, Fantasy, Magic, Romance, Shoujo, Super Power",7.56,51004
957,Saiunkoku Monogatari,"Adventure, Comedy, Drama, Fantasy, Historical, Romance",8.06,50951
28,Yakitate!! Japan,"Comedy, Shounen",8.05,50876
24277,Yowamushi Pedal: Grande Road,"Comedy, Drama, Shounen, Sports",8.28,50778
3974,Tetsuwan Birdy Decode,"Action, Comedy, Sci-Fi",7.56,50384
32681,Uchuu Patrol Luluco,"Action, Adventure, Comedy, Space",7.7,50236
2216,Shigurui,"Action, Drama, Historical, Martial Arts, Samurai, Seinen",7.54,50091
9065,Hakuouki Hekketsuroku,"Action, Drama, Historical, Josei, Samurai, Supernatural",7.76,49771
2159,Ookiku Furikabutte,"Comedy, Sports",8.11,49599
658,Touhai Densetsu Akagi: Yami ni Maiorita Tensai,"Game, Psychological, Seinen, Thriller",8.02,48127
31988,Hibike! Euphonium 2,"Drama, Music, School",8.25,47716
20431,Hoozuki no Reitetsu,"Comedy, Fantasy, Supernatural",7.84,47619
3972,Yu・Eｫｫ・Eｽｨ?i・Eｫｫ・Eｽｨ?h! 5D&#039;s,"Action, Game, Shounen",7.52,47119
33255,Saiki Kusuo no ?・E・E・E・Eｽ｣?・Eｽｽ?・Eｽｨ-nan (TV),"Comedy, School, Shounen, Supernatural",8.29,47092
209,R.O.D the TV,"Action, Adventure, Comedy, Drama, Sci-Fi, Super Power",7.64,47053
12487,Kyoukaisenjou no Horizon II,"Action, Fantasy, Sci-Fi",7.72,46781
488,Ichigo Mashimaro,"Comedy, Slice of Life",7.77,46333
567,The Big O,"Action, Mecha, Mystery, Psychological, Sci-Fi",7.57,45843
186,Initial D Second Stage,"Action, Cars, Drama, Seinen, Sports",8.12,45825
10378,Shinryaku!? Ika Musume,"Comedy, Shounen, Slice of Life",7.62,45613
32526,Love Live! Sunshine!!,"Music, School, Slice of Life",7.63,45246
5162,Minami-ke Okaeri,"Comedy, School, Slice of Life",7.65,45233
12815,Shirokuma Cafe,"Comedy, Josei, Slice of Life",8.01,44668
11739,Kimi to Boku. 2,"Comedy, Drama, Romance, School, Shounen, Slice of Life",8.11,44564
3001,Moyashimon,"Comedy, School, Supernatural",7.69,44465
30279,Yuru Yuri San・Eｫｫ・Eｽｨ?ai!,"Comedy, School, Shoujo Ai, Slice of Life",8.04,44335
1088,Macross,"Action, Mecha, Military, Music, Romance, Sci-Fi, Space",8.07,44157
31098,Ushio to Tora (TV) 2nd Season,"Comedy, Demons, Shounen, Supernatural",8.13,43916
25517,Magic Kaito 1412,"Adventure, Comedy, Romance, Shounen",7.95,43545
1852,Hidamari Sketch,"Comedy, School, Slice of Life",7.51,42998
24037,Selector Spread WIXOSS,"Game, Psychological",7.52,42918
6634,Sengoku Basara Two,"Action, Historical, Martial Arts, Samurai, Super Power",7.74,42798
2985,Majin Tantei Nougami Neuro,"Comedy, Demons, Mystery, Shounen, Supernatural",7.76,42730
5231,Inazuma Eleven,"Shounen, Sports, Super Power",7.72,42677
22777,Dragon Ball Kai (2014),"Action, Adventure, Comedy, Fantasy, Martial Arts, Shounen, Super Power",8.01,42666
427,Kaleido Star,"Comedy, Drama, Fantasy, Shoujo",8.05,42253
10216,"Yondemasu yo, Azazel-san. (TV)","Comedy, Demons, Supernatural",7.64,42147
1281,Gakkou no Kaidan,"Horror, Mystery, Supernatural",7.71,42033
880,Aa! Megami-sama!: Sorezore no Tsubasa,"Comedy, Magic, Romance, Seinen, Supernatural",7.69,42026
77,Mahou Shoujo Lyrical Nanoha A&#039;s,"Action, Comedy, Drama, Magic, Super Power",8.1,41685
18,Initial D Fourth Stage,"Action, Cars, Drama, Seinen, Sports",8.24,41584
6774,Kuuchuu Buranko,"Comedy, Drama, Psychological, Seinen",8.09,41521
627,Major S1,"Comedy, Drama, Shounen, Sports",8.42,41061
32979,Flip Flappers,"Comedy, Sci-Fi",7.73,40945
7588,Saraiya Goyou,"Historical, Samurai, Seinen",7.93,40819
33094,WWW.Working!!,"Comedy, Slice of Life",7.51,40779
967,Hokuto no Ken,"Action, Drama, Martial Arts, Sci-Fi, Shounen",7.99,40271
25649,Junjou Romantica 3,"Comedy, Drama, Romance, Shounen Ai",8.16,39866
535,Slayers Next,"Adventure, Comedy, Demons, Fantasy, Magic",8.14,39832
962,Aria The Natural,"Fantasy, Sci-Fi, Shounen, Slice of Life",8.3,39596
1050,Bobobo-bo Bo-bobo,"Adventure, Comedy, Sci-Fi, Shounen",7.54,39041
3613,Toshokan Sensou,"Action, Comedy, Military, Romance",7.6,38882
32983,Natsume Yuujinchou Go,"Drama, Fantasy, Shoujo, Slice of Life, Supernatural",8.76,38865
32491,Kanojo to Kanojo no Neko: Everything Flows,"Psychological, Romance, Slice of Life",7.75,38765
490,Paniponi Dash!,"Comedy, Parody, School",7.57,38532
30230,Diamond no Ace: Second Season,"Comedy, School, Shounen, Sports",8.5,38531
696,Tenchi Muyou!,"Comedy, Harem, Romance, Sci-Fi, Shounen, Space",7.54,38372
29787,Gochuumon wa Usagi Desu ka??,"Comedy, Slice of Life",8.01,38102
12149,AKB0048,"Music, Sci-Fi",7.55,37763
5835,Hanasakeru Seishounen,"Drama, Romance, Shoujo",7.9,37051
7661,Giant Killing,"Drama, Seinen, Sports",7.71,36947
2158,Terra e... (TV),"Action, Drama, Military, Sci-Fi, Space",8.07,36941
6586,Yume-iro P???・Eｽｽ?・Eｽ｢tissi???・Eｽｽ?・Eｽｨre,"Kids, School, Shoujo",8.07,36921
31680,Super Lovers,"Comedy, Drama, Romance, Shounen Ai, Slice of Life",7.54,36781
5420,Kemono no Souja Erin,"Drama, Fantasy",8.45,36751
96,Mobile Fighter G Gundam,"Adventure, Comedy, Drama, Martial Arts, Mecha, Romance, Sci-Fi, Space, Sports",7.62,36338
3841,Chi&#039;s Sweet Home,"Comedy, Slice of Life",7.83,36307
181,Vandread: The Second Stage,"Action, Ecchi, Mecha, Sci-Fi, Shounen, Space",7.54,36264
27663,Baby Steps 2nd Season,"Romance, School, Shounen, Sports",8.2,36251
8311,Tegamibachi Reverse,"Adventure, Fantasy, Shounen, Supernatural",7.9,36228
1915,Mahou Shoujo Lyrical Nanoha StrikerS,"Action, Comedy, Drama, Magic, Super Power",7.74,35442
586,Ayakashi: Japanese Classic Horror,"Fantasy, Historical, Horror",7.61,34938
1412,Lupin III,"Action, Adventure, Comedy, Shounen",7.76,34373
435,Magic Knight Rayearth,"Adventure, Comedy, Drama, Fantasy, Magic, Mecha, Romance, Shoujo",7.53,34141
32673,Udon no Kuni no Kiniro Kemari,"Fantasy, Seinen, Slice of Life",7.66,33885
18055,Hakkenden: Touhou Hakken Ibun 2nd Season,"Action, Fantasy, Shoujo, Supernatural",7.82,33466
1557,Shounen Onmyouji,"Action, Demons, Fantasy, Historical, Magic, Shoujo, Supernatural",7.71,33321
23269,Hello!! Kiniro Mosaic,"Comedy, School, Slice of Life",7.63,33295
1454,Kemonozume,"Action, Demons, Horror, Romance, Supernatural",7.59,33086
489,Kamichu!,"Comedy, Drama, Slice of Life, Supernatural",7.51,33053
1172,Slayers Try,"Adventure, Comedy, Demons, Fantasy, Magic, Shounen",7.93,32742
338,Rose of Versailles,"Adventure, Drama, Historical, Romance, Shoujo",8.4,32188
516,Keroro Gunsou,"Comedy, Sci-Fi, Shounen",7.93,31632
19319,Gundam Build Fighters,"Action, Mecha, Sci-Fi",7.98,31606
731,Interstella5555: The 5tory of The 5ecret 5tar 5ystem,"Adventure, Drama, Music, Sci-Fi",8.17,31464
14511,Minami-ke Tadaima,"Comedy, School, Slice of Life",7.78,31394
17389,Kingdom 2nd Season,"Action, Historical, Military, Seinen",8.57,31234
129,Gensoumaden Saiyuuki,"Adventure, Comedy, Drama, Shounen, Supernatural",7.71,31179
142,Kamikaze Kaitou Jeanne,"Adventure, Comedy, Demons, Drama, Fantasy, Magic, Mystery, Romance, Shoujo",7.52,31081
1808,Kamichama Karin,"Comedy, Fantasy, Magic, Romance, School, Shoujo",7.51,30747
18523,Senyuu. 2,"Action, Comedy, Fantasy, Parody, Shounen",7.61,30726
19291,Pokemon XY,"Action, Adventure, Comedy, Fantasy, Kids",7.52,30722
558,Major S2,"Comedy, Drama, Shounen, Sports",8.41,30689
11371,New Prince of Tennis,"Action, Comedy, Shounen, Sports",7.67,30630
31706,Fate/kaleid liner Prisma・Eｫｫ・Eｽｨ?llya 3rei!!,"Action, Comedy, Fantasy, Magic",7.62,30457
18465,Genshiken Nidaime,"Comedy, Parody, Slice of Life",7.56,29952
5074,Tetsuwan Birdy Decode:02,"Action, Comedy, Sci-Fi",7.83,29622
1842,Major S3,"Drama, Shounen, Sports",8.4,29528
13115,Hakuouki Reimeiroku,"Action, Drama, Historical, Josei, Samurai, Supernatural",7.63,29485
85,Mobile Suit Zeta Gundam,"Drama, Mecha, Military, Sci-Fi, Space",8.03,28959
5028,Major S5,"Comedy, Drama, Romance, Sports",8.58,28653
32948,Fune wo Amu,"Drama, Slice of Life",7.6,28620
106,Hana yori Dango,"Drama, Romance, School, Shoujo",7.9,28341
2112,Over Drive,"Shounen, Sports",7.78,28007
3226,Major S4,"Comedy, Drama, Shounen, Sports",8.35,28002
218,Kidou Senkan Nadesico,"Action, Comedy, Mecha, Military, Parody, Romance, Sci-Fi, Shounen, Space",7.6,27976
1486,Kodomo no Omocha (TV),"Comedy, Drama, Romance, Shoujo",8.18,27893
15059,Initial D Fifth Stage,"Action, Cars, Drama, Seinen, Sports",8.14,26711
9510,Mitsudomoe Zouryouchuu!,"Comedy, School, Slice of Life",7.82,26468
290,Seikai no Monshou,"Action, Military, Romance, Sci-Fi, Space",7.83,26379
966,Crayon Shin-chan,"Comedy, Ecchi, Kids, School, Shounen, Slice of Life",7.73,26267
24135,Nobunaga Concerto,"Historical, Romance, Shounen",7.79,25167
7655,Major S6,"Comedy, Drama, Sports",8.49,24788
334,Marmalade Boy,"Comedy, Drama, Romance, Shoujo",7.64,24745
879,Simoun,"Drama, Magic, Military, Romance, Shoujo Ai",7.56,24664
1251,Fushigi no Umi no Nadia,"Adventure, Comedy, Historical, Romance, Sci-Fi",7.65,24229
1212,Oban Star-Racers,"Adventure, Mecha, Sci-Fi, Shounen",7.51,24156
345,Eikoku Koi Monogatari Emma,"Drama, Historical, Romance, Seinen, Slice of Life",7.81,23877
1914,Saiunkoku Monogatari 2nd Season,"Adventure, Comedy, Drama, Fantasy, Historical, Romance",8.2,23160
1293,Urusei Yatsura,"Action, Adventure, Comedy, Drama, Romance, Sci-Fi",7.78,23020
13203,Lupin the Third: Mine Fujiko to Iu Onna,"Action, Adventure, Comedy, Ecchi, Samurai, Seinen",7.81,22796
593,Mugen no Ryvius,"Drama, Mecha, Military, Psychological, Sci-Fi, Space",7.59,22714
14941,AKB0048: Next Stage,"Music, Sci-Fi",7.84,22302
253,Jungle wa Itsumo Hare nochi Guu,"Comedy, School, Slice of Life",7.97,22214
7720,Ookiku Furikabutte: Natsu no Taikai-hen,"Comedy, Sports",8.2,22190
1453,Maison Ikkoku,"Comedy, Drama, Romance, Slice of Life",8.25,22079
33051,Mobile Suit Gundam: Iron-Blooded Orphans 2nd Season,"Action, Drama, Mecha, Sci-Fi, Space",8.2,21210
1060,Oruchuban Ebichu,"Comedy, Ecchi, Seinen",7.52,21109
3673,Nijuu Mensou no Musume,"Action, Adventure, Mystery",7.65,21009
16241,"Yondemasu yo, Azazel-san. Z","Comedy, Demons, Supernatural",7.65,20640
2562,Shion no Ou,"Drama, Game, Mystery, Thriller",7.66,20553
5233,Slayers Evolution-R,"Adventure, Comedy, Fantasy",7.52,20508
9441,Yume-iro P???・Eｽｽ?・Eｽ｢tissi???・Eｽｽ?・Eｽｨre SP Professional,"Shoujo, Slice of Life",7.82,20397
95,Turn A Gundam,"Action, Adventure, Drama, Mecha, Military, Sci-Fi, Space",7.76,20056
1470,City Hunter,"Action, Comedy, Mystery, Shounen",8,19963
569,Musekinin Kanchou Tylor,"Comedy, Military, Parody, Sci-Fi, Space",7.97,19841
22507,Initial D Final Stage,"Cars, Seinen, Sports",8.29,19702
4080,Kyou kara Maou! 3rd Series,"Adventure, Comedy, Fantasy, Romance, Shoujo",7.97,19510
1563,Magic Knight Rayearth II,"Adventure, Drama, Fantasy, Magic, Mecha, Romance, Shoujo",7.61,19209
3604,Hidamari Sketch x 365,"Comedy, School, Slice of Life",7.9,19180
4039,Golgo 13 (TV),"Action, Adventure, Drama, Seinen, Thriller",7.61,18687
396,Seikai no Senki,"Action, Military, Romance, Sci-Fi, Space",7.86,18580
24625,Gundam Build Fighters Try,"Action, Mecha, Sci-Fi",7.53,17946
455,Fantastic Children,"Adventure, Fantasy, Mystery, Romance, Sci-Fi",7.67,17773
21639,Yu・Eｫｫ・Eｽｨ?i・Eｫｫ・Eｽｨ?h! Arc-V,"Action, Fantasy, Game, Shounen",7.61,17571
1974,Glass no Kamen (2005),"Drama, Shoujo",8.23,17038
15061,Aikatsu!,"Music, School, Shoujo, Slice of Life",7.69,16990
27947,Lupin III (2015),"Action, Adventure, Comedy, Shounen",7.97,16938
6024,Chi&#039;s Sweet Home: Atarashii Ouchi,"Comedy, Kids, Slice of Life",7.9,16670
407,Tantei Gakuen Q,"Comedy, Drama, Mystery, Police, Shounen",7.87,16591
31733,Bishoujo Senshi Sailor Moon Crystal Season III,"Demons, Magic, Romance, Shoujo",7.83,16530
1642,Sugar Sugar Rune,"Fantasy, Magic, Shoujo",7.56,16484
130,Saiyuuki Reload,"Action, Adventure, Comedy, Drama, Fantasy, Shoujo",7.54,16298
324,Mobile Police Patlabor: On Television,"Comedy, Mecha, Police, Sci-Fi",7.72,16130
1087,Kimagure Orange・Eｫｫ・Eｽｨ?oad,"Comedy, Drama, Romance, School, Shounen, Slice of Life, Super Power",7.7,16012
13349,Chouyaku Hyakuninisshu: Uta Koi.,"Historical, Josei, Romance",7.54,15661
31592,Pokemon XY&amp;Z,"Action, Adventure, Comedy, Fantasy, Kids",7.91,15627
302,Mirai Shounen Conan,"Adventure, Drama, Sci-Fi",8.16,15557
2213,Black Jack (TV),Drama,7.74,15552
2402,Ashita no Joe,"Drama, Sports",8.22,15442
200,Tenshi na Konamaiki,"Comedy, Magic, Romance, Shounen",7.6,15077
2559,Romeo no Aoi Sora,"Adventure, Drama, Historical, Slice of Life",8.47,15074
444,Maria-sama ga Miteru: Haru,"Drama, Romance, School, Shoujo, Shoujo Ai",7.85,14983
1000,Uchuu Kaizoku Captain Harlock,"Action, Adventure, Drama, Sci-Fi, Seinen, Space",7.87,14869
2471,Doraemon (1979),"Adventure, Comedy, Fantasy, Kids, Sci-Fi, Shounen",7.76,14233
2768,CLAMP in Wonderland 2,"Action, Comedy, Drama, Fantasy, Magic, Music, Romance",7.64,13985
340,Mutsu Enmei Ryuu Gaiden: Shura no Toki,"Action, Historical, Martial Arts, Samurai, Shounen",7.68,13959
397,Seikai no Senki II,"Action, Military, Romance, Sci-Fi, Space",7.97,13888
12021,Poyopoyo Kansatsu Nikki,"Comedy, Seinen, Slice of Life",7.79,13832
1946,Ashita no Nadja,"Adventure, Drama, Historical, Romance, Shoujo",7.68,13742
1047,On Your Mark,"Drama, Music, Sci-Fi",7.6,13661
4189,Winter Sonata,"Drama, Romance",7.51,13582
17,Hungry Heart: Wild Striker,"Comedy, Shounen, Slice of Life, Sports",7.74,13469
1065,Touch,"Drama, Romance, School, Shounen, Slice of Life, Sports",8.16,12833
7645,Heartcatch Precure!,"Action, Comedy, Fantasy, Magic, School, Shoujo, Slice of Life",7.89,12825
233,Daa! Daa! Daa!,"Comedy, Sci-Fi, Shoujo",7.81,12673
1491,Ginga Tetsudou 999,"Adventure, Drama, Sci-Fi, Space",7.9,12672
11239,Hidamari Sketch x Honeycomb,"Comedy, School, Slice of Life",7.99,12590
5005,Tentai Senshi Sunred,"Comedy, Parody, Seinen, Super Power",7.96,12236
1372,Taiho Shichau zo (1996),"Action, Comedy, Police, Seinen",7.59,12156
2035,Eikoku Koi Monogatari Emma: Molders-hen,"Drama, Historical, Romance, Seinen, Slice of Life",8.03,11903
2800,Candy Candy,"Drama, Shoujo, Slice of Life",7.58,11893
3750,Maria-sama ga Miteru 4th,"School, Shoujo, Shoujo Ai, Slice of Life",7.97,11779
709,Mujin Wakusei Survive,"Action, Adventure, Fantasy, Sci-Fi, Slice of Life",7.72,11684
795,Oniisama e...,"Drama, School, Shoujo, Shoujo Ai",7.88,11424
21435,Yama no Susume Second Season,"Adventure, Comedy, Slice of Life",7.51,11413
131,Saiyuuki Reload Gunlock,"Action, Adventure, Comedy, Fantasy, Shoujo",7.56,11233
1356,Hokuto no Ken 2,"Action, Drama, Martial Arts, Super Power",7.64,11090
15731,Tamayura: More Aggressive,"Comedy, Drama, Slice of Life",7.54,10901
1425,Lupin III: Part II,"Action, Adventure, Comedy, Shounen",7.93,10873
1650,Uchuu Senkan Yamato,"Action, Adventure, Drama, Military, Sci-Fi, Space",7.73,10688
9996,Hyouge Mono,"Historical, Samurai, Seinen",8.1,10649
589,Ginga Nagareboshi Gin,"Action, Adventure, Drama, Shounen",8.14,10575
1728,Super GALS! Kotobuki Ran,"Comedy, Shoujo, Slice of Life",7.57,10369
2608,Wangan Midnight,"Action, Cars, Seinen, Sports",7.54,10058
890,Yuusha-Ou GaoGaiGar,"Adventure, Mecha, Sci-Fi, Shounen",7.96,10031
6399,Higashi no Eden: Falling Down,Music,7.56,9881
32792,Mobile Suit Gundam Unicorn RE:0096,"Action, Drama, Mecha, Military, Sci-Fi, Space",7.56,9767
388,Capeta,"Cars, Shounen, Sports",7.91,9711
1483,Master Keaton,"Adventure, Mystery",7.76,9610
1695,Les Mis???・Eｽｽ?・Eｽｩrables: Shoujo Cosette,"Drama, Historical, Shoujo, Slice of Life",7.99,9605
283,Akage no Anne,"Drama, Historical, Slice of Life",7.6,9460
10257,Pretty Rhythm: Aurora Dream,"Music, Shoujo, Slice of Life, Sports",7.6,9431
2582,Soukou Kihei Votoms,"Action, Drama, Mecha, Military, Sci-Fi, Space",7.87,9008
2229,Dragon Quest: Dai no Daibouken,"Adventure, Comedy, Demons, Fantasy, Magic, Martial Arts, Shounen",7.79,8999
2012,Jigoku Sensei Nube,"Adventure, Comedy, Horror, Romance, School, Shounen, Supernatural",7.65,8908
1567,Kaitou Saint Tail,"Adventure, Magic, Romance, Shoujo",7.64,8794
9930,Snow Halation,Music,7.61,8731
2076,Kindaichi Shounen no Jikenbo (TV),"Mystery, Shounen",7.96,8655
29,Zipang,"Action, Drama, Historical, Military, Sci-Fi, Seinen",7.56,8630
110,Chuuka Ichiban!,"Action, Comedy, Drama, Shounen",7.69,8586
1459,Uchuu no Kishi Tekkaman Blade,"Action, Adventure, Drama, Mecha, Military, Romance, Sci-Fi, Shounen, Space",7.58,8546
1485,Akachan to Boku,"Comedy, Drama, Shoujo",8.02,8353
1471,City Hunter 2,"Action, Comedy, Mystery, Shounen",8.12,8199
1021,Kaikan Phrase,"Drama, Music, Romance, Shoujo",7.55,8142
2409,Gokudou-kun Manyuuki,"Adventure, Comedy, Fantasy, Magic",7.61,8131
183,Whistle!,"School, Shounen, Sports",7.53,8040
327,Puchi Puri Yuushi,"Comedy, Fantasy, Magic, Shoujo",7.54,8030
914,Ike! Ina-chuu Takkyuubu,"Comedy, Ecchi, School, Sports",7.7,7988
5485,Shin Mazinger Shougeki! Z-hen,"Action, Mecha, Shounen, Super Power",7.96,7872
2150,Tanoshii Muumin Ikka,"Adventure, Comedy, Fantasy, Kids, Slice of Life",7.95,7761
10445,Perfect Day,Music,7.59,7743
2547,Shoukoujo Sara,"Drama, Historical, Shoujo, Slice of Life",7.8,7515
852,Gokinjo Monogatari,"Comedy, Drama, Romance, Slice of Life",7.56,7279
1327,Aoki Densetsu Shoot!,"Action, Comedy, Drama, Romance, School, Shounen, Sports",7.53,6937
2451,Space Cobra,"Action, Adventure, Sci-Fi, Space",7.84,6919
798,Yomigaeru Sora: Rescue Wings,"Drama, Military, Seinen",7.53,6871
364,Gallery Fake,"Mystery, Seinen",7.62,6806
30549,Soukyuu no Fafner: Dead Aggressor - Exodus 2nd Season,"Action, Drama, Mecha, Military, Sci-Fi",7.74,6787
1472,City Hunter 3,"Action, Comedy, Mystery, Shounen",7.95,6723
2829,Ie Naki Ko Remi,"Adventure, Drama, Historical, Slice of Life",8.03,6528
582,Sexy Commando Gaiden: Sugoiyo!! Masaru-san,"Comedy, Martial Arts, School, Shounen",7.9,6473
691,Yawara!,"Action, Comedy, Drama, Martial Arts, Romance, Slice of Life, Sports",7.63,6437
1473,City Hunter &#039;91,"Action, Comedy, Mystery, Shounen",7.91,6337
2004,Hanada Shounen-shi,"Comedy, Drama, Slice of Life, Supernatural",8.16,6321
2921,Ashita no Joe 2,"Drama, Sports",8.48,6259
2214,Black Jack 21,"Action, Drama",7.77,6063
2330,Jibaku-kun,"Adventure, Comedy, Fantasy",7.6,6036
353,Ojamajo Doremi Dokkaan!,"Comedy, Magic, Shoujo",7.52,5971
22539,"One More Time, One More Chance","Drama, Music, Romance, Slice of Life",7.6,5660
2268,Tatakae! Chou Robot Seimeitai Transformers,"Adventure, Mecha, Sci-Fi, Shounen",7.67,5652
1375,Watashi no Ashinaga Ojisan,"Comedy, Historical, Romance, School, Shoujo, Slice of Life",7.87,5600
1279,Taiyou no Ko Esteban,"Adventure, Historical, Sci-Fi",7.74,5424
2014,Taiho Shichau zo: Second Season,"Action, Comedy, Police, Shounen",7.52,5387
3907,Ginga Sengoku Gunyuuden Rai,"Adventure, Romance, Sci-Fi, Shounen, Space",8.12,5308
2618,Takarajima,"Adventure, Drama, Historical, Mystery",8.04,5306
28669,Go! Princess Precure,"Action, Comedy, Fantasy, Magic, School, Shoujo, Slice of Life",7.74,5098
2762,Igano Kabamaru,"Adventure, Comedy, Romance, Shounen",8.13,5063
17249,Pretty Rhythm: Rainbow Live,"Music, Shoujo, Slice of Life, Sports",7.79,4838
959,Shin Chou Kyou Ryo: Condor Hero,"Adventure, Drama, Historical, Romance",7.53,4777
2903,Sakigake!! Otokojuku,"Action, Comedy, Martial Arts, School, Shounen",7.51,4740
951,Chibi Maruko-chan,"Comedy, Shoujo, Slice of Life",7.86,4739
3545,Kochira Katsushikaku Kameari Kouenmae Hashutsujo (TV),"Comedy, Police, Slice of Life",7.82,4734
6582,Tentai Senshi Sunred 2nd Season,"Comedy, Parody, Seinen, Super Power",8.07,4584
2828,Ie Naki Ko,"Adventure, Drama, Historical, Kids, Slice of Life",7.9,4479
1985,UFO Robo Grendizer,"Mecha, Sci-Fi, Shounen",7.66,4381
506,Glass no Kamen,"Drama, Romance, Shoujo",7.52,4218
1608,Salaryman Kintarou,"Comedy, Drama, Seinen",7.61,4151
3369,Shoubushi Densetsu Tetsuya,"Game, Historical, Shounen",7.62,3735
331,Mahoujin Guru Guru,"Adventure, Comedy, Fantasy, Magic, Shounen",7.75,3725
2037,Hime-chan no Ribbon,"Comedy, Fantasy, Magic, Romance, School, Shoujo",7.54,3589
1651,Uchuu Senkan Yamato 2,"Action, Adventure, Drama, Military, Sci-Fi, Space",7.63,3461
1069,Chou Denji Machine Voltes V,"Action, Adventure, Drama, Mecha, Sci-Fi, Shounen",7.54,3201
22693,Lady Jewelpet,"Fantasy, Magic, Romance, Shoujo",7.61,3085
8687,Doraemon (2005),"Comedy, Kids, Sci-Fi, Shounen",7.59,2980
2557,Trapp Ikka Monogatari,"Drama, Historical, Music, Romance",7.75,2839
2929,Moonlight Mile 2nd Season: Touch Down,"Adventure, Drama, Sci-Fi, Space",7.51,2758
5712,Tanoshii Muumin Ikka Bouken Nikki,"Adventure, Fantasy, Kids, Slice of Life",7.56,2740
5494,Konnichiwa Anne: Before Green Gables,"Drama, Historical, Kids, Slice of Life",7.63,2723
1391,Future GPX Cyber Formula,"Adventure, Sci-Fi, Shounen, Sports",7.54,2707
2227,Lady Lady!!,"Drama, Historical",7.73,2681
708,Patapata Hikousen no Bouken,"Adventure, Sci-Fi",7.59,2629
2203,Waga Seishun no Arcadia: Mugen Kidou SSX,"Action, Adventure, Drama, Sci-Fi, Space",7.56,2587
2558,Wakakusa Monogatari: Nan to Jo-sensei,"Drama, Historical, School, Slice of Life",7.73,2577
6604,Kuruneko,"Comedy, Slice of Life",7.63,2526
2553,Flanders no Inu,"Drama, Historical, Slice of Life",7.52,2411
2835,Patalliro!,"Adventure, Comedy, Romance, Shoujo, Shounen Ai",7.63,2409
2228,Honoo no Toukyuuji: Dodge Danpei,"Comedy, Sports",7.51,2214
960,Shin Chou Kyou Ryo: Condor Hero II,"Adventure, Drama, Historical, Romance",7.51,2151
3199,Nanatsu no Umi no Tico,"Adventure, Slice of Life",7.54,2123
4060,Grimm Masterpiece Theater,"Adventure, Comedy, Fantasy, Kids, Magic",7.62,1938
2518,Masuda Kousuke Gekijou Gag Manga Biyori 2,Comedy,7.55,1846
2337,Tetsujin 28-gou (2004),"Adventure, Mecha, Sci-Fi, Shounen",7.59,1826
2257,Taiyou no Kiba Dagram,"Drama, Mecha, Military, Sci-Fi, Shounen",7.58,1825
4416,Yuusha-Ou GaoGaiGar Final Grand Glorious Gathering,"Action, Mecha, Sci-Fi, Super Power",7.75,1780
2405,Hello! Lady Lynn,Drama,7.85,1757
2549,Perrine Monogatari,"Drama, Historical, Shoujo, Slice of Life",7.63,1744
1873,Plawres Sanshirou,"Adventure, Mecha, School, Sci-Fi, Shounen, Sports",7.66,1718
6116,Mainichi Kaasan,"Comedy, Slice of Life",7.71,1707
2254,Sentou Mecha Xabungle,"Mecha, Military, Sci-Fi, Shounen",7.51,1518
5854,Shin Chou Kyou Ryo: Condor Hero III,"Action, Adventure, Drama, Historical, Romance",7.58,1377
4061,Grimm Masterpiece Theater II,"Adventure, Comedy, Fantasy, Kids, Magic",7.58,1169
5075,Yuusha Keisatsu J-Decker,"Action, Adventure, Mecha, Police, Sci-Fi",7.62,1116
3213,Ganbare Genki,"Action, Comedy, Shounen, Sports",7.6,805
32633,Nowisee,Music,7.64,560
15905,Qin Shiming Yue Zhi: Wanli Changcheng,"Action, Fantasy, Historical, Martial Arts",8.43,273
16530,Ojamanga Yamada-kun,"Comedy, Slice of Life",7.77,250
33562,Heibai Wushang,"Action, Comedy, Supernatural",7.6,216
22509,Manga Nihonshi (NHK Han),Historical,7.55,188
23351,Youkaiden Nekome Kozou,"Adventure, Horror, Psychological, Seinen, Supernatural",8,153
9383,Chie-chan Funsenki: Jarinko Chie,"Comedy, Drama, Slice of Life",7.83,147
32230,Xi You Ji,"Adventure, Fantasy",8.07,89
19839,Wei Qi Shao Nian 2,"Game, Historical",8.22,86
32660,Petit Petit Muse,"Cars, Horror, Kids",8.14,78
19991,Tobidase! Bacchiri,"Comedy, Kids, Mystery",7.63,72
22219,Warera Salaryman Tou,"Comedy, Slice of Life",8.67,57
24041,Jarujio Animal,"Adventure, Comedy, Parody",8.33,57
31547,Ryouma 30 Seconds,Historical,8.8,54
33383,Mask Masters,"Action, Adventure",8,53
30138,Rusuden Hour: Sodan Brothers,Comedy,7.67,51
29467,Bubaga,"Adventure, Kids",7.6,48
30027,Meisaku World,"Adventure, Fantasy, Historical, Kids, Magic, Supernatural",8,42
29489,Karasu no Puuta,Kids,8,42
29485,Talpy,"Fantasy, Kids",8.25,38
30409,Nepos Napos,"Fantasy, Kids",7.67,38
32585,Telemonster,Adventure,8.5,32
33842,Fushigi no Yappo Shima: Pukipuki to Poi,Kids,8.5,24
33792,Feng Shu Zhan Jing 2,"Adventure, Kids, Mecha",8,24
34363,Ocha-ken: Ryokutto Monogatari,"Kids, Slice of Life",8,20
